cpg_id,pred_methyl,sample_id
cg00000721,1.892910361289978,TCGA.2A.A8VL.01
cg00000721,1.0427018404006958,TCGA.2A.A8VO.01
cg00000721,1.536481261253357,TCGA.2A.A8VT.01
cg00000734,1.8961893320083618,TCGA.2A.A8VL.01
cg00000734,1.04702627658844,TCGA.2A.A8VO.01
cg00000734,1.5402179956436157,TCGA.2A.A8VT.01
cg00000292,1.8957427740097046,TCGA.2A.A8VL.01
cg00000292,1.0464013814926147,TCGA.2A.A8VO.01
cg00000292,1.539730191230774,TCGA.2A.A8VT.01
